audience_name,email,phone
katya,tussey1980@mail.ru,380937284888
katya,hartwell.1987@mail.ru,
katya,mcculloch-85@mail.ru,
katya,lizzie.dusek.86@mail.ru,
katya,swickh@mail.ru,
katya,washburn-91@mail.ru,
katya,lavenia_watson_watson@mail.ru,
katya,helena.mcarthur.84@mail.ru,
katya,romana.cervantes.cervantes@mail.ru,
katya,whitby.90@mail.ru,
katya,dallas_richard@mail.ru,
katya,caryl.rosner@mail.ru,
katya,luper1989@mail.ru,
katya,asley.eggleston.80@mail.ru,
katya,blodgett.t@mail.ru,
katya,latia.langford.langford@mail.ru,
katya,xochitl.ashby@mail.ru,
katya,braswell_1980@mail.ru,
katya,thomas.aurelia@mail.ru,
katya,buchholtz.1988@mail.ru,
katya,murfft@mail.ru,
katya,maurice.grover.92@mail.ru,
katya,sharonda.dominguez.dominguez@mail.ru,
katya,rita.tenorio.tenorio@mail.ru,
katya,jess_romero_romero@mail.ru,
katya,prater.elia@mail.ru,
katya,sandstrom-1991@mail.ru,
katya,emilee.stillwell@mail.ru,
katya,meghan.norris.norris@mail.ru,
katya,lowell2019@mail.ru,
katya,shawanda.guyer.guyer@mail.ru,
katya,minnich.jaime@mail.ru,
katya,watson.cythia@mail.ru,
katya,latisha.iglesias.81@mail.ru,
katya,hearne_2019@mail.ru,
katya,gale.mcqueary@mail.ru,
katya,tillie.pieper@mail.ru,
katya,christy.kugler.83@mail.ru,
katya,regan.mcqueary.mcqueary@mail.ru,
katya,e_hickson@mail.ru,
katya,haslam_2019@mail.ru,
katya,rueter.cathrine@mail.ru,
katya,mary.lance.lance@mail.ru,
katya,vonnie.wilken.wilken@mail.ru,
katya,chantal.jacobsen.jacobsen@mail.ru,
katya,l.whitby@mail.ru,
katya,henriette.fields.fields@mail.ru,
katya,baumgardner_1989@mail.ru,
katya,gaffney_2019@mail.ru,
katya,howton.katherine@mail.ru,
katya,rhinehart1993@mail.ru,
katya,sierra.dawkins.85@mail.ru,
katya,talavera.asha@mail.ru,
katya,dianne.etzel.etzel@mail.ru,
katya,olene.shenk@mail.ru,
katya,insleyj@mail.ru,
katya,lyla.printz.printz@mail.ru,
katya,cavallaro_81@mail.ru,
katya,allison.wilbert.94@mail.ru,
katya,retta.ransdell@mail.ru,
katya,rosella.millet.89@mail.ru,
katya,mildred.keyser.keyser@mail.ru,
katya,raquel.forrest.94@mail.ru,
katya,debose.kassandra@mail.ru,
katya,marx.jardine.89@mail.ru,
katya,tamera.randle.90@mail.ru,
katya,kecia.mendonca.mendonca@mail.ru,
katya,inger.stucky@mail.ru,
katya,virgie.press.press@mail.ru,
katya,lashawna.ramirez.83@mail.ru,
katya,shonda.starns.86@mail.ru,
katya,bette.caban.86@mail.ru,
katya,rothstein_1988@mail.ru,
katya,julianna.ralph.ralph@mail.ru,
katya,batista.sarina@mail.ru,
katya,marylyn.hogue@mail.ru,
katya,durrett84@mail.ru,
katya,webber.jame@mail.ru,
katya,quillen.j@mail.ru,
katya,fitzhugh-1981@mail.ru,
katya,lora.vento.vento@mail.ru,
katya,washburn-2019@mail.ru,
katya,grisel.weston.weston@mail.ru,
katya,franks.chae@mail.ru,
katya,harland.sherise@mail.ru,
katya,terrie.butkovich.86@mail.ru,
katya,daniel.douglas.2018@mail.ru,
katya,alford80@mail.ru,
katya,rorie.85@mail.ru,
katya,isaacson2019@mail.ru,
katya,todd.rigsby.rigsby@mail.ru,
katya,brabham1990@mail.ru,
katya,ussery_a@mail.ru,
katya,richert_1982@mail.ru,
katya,trudy.ivory@mail.ru,
katya,yolanda.ouellette.84@mail.ru,
katya,treadway_1988@mail.ru,
katya,magdaleno81@mail.ru,
katya,billi.denton@mail.ru,
katya,bryce2019@mail.ru,
katya,shakira.waldon.waldon@mail.ru,
katya,baehr.antionette@mail.ru,
katya,corene.kress.81@mail.ru,
katya,kira.shelor.92@mail.ru,
katya,tribble_2019@mail.ru,
katya,tussey1980@mail.ru,
katya,whitehouse-1983@mail.ru,
katya,sade.zehner.89@mail.ru,
katya,bowers_89@mail.ru,
katya,carolann.jackson.jackson@mail.ru,
katya,pickens_2019@mail.ru,
katya,shannan_moore_moore@mail.ru,
katya,jessie.mcgowan.mcgowan@mail.ru,
katya,halley.eisele.eisele@mail.ru,
katya,lane_montes@mail.ru,
katya,frasure2018@mail.ru,
katya,lomeli.maximina@mail.ru,
katya,vestal_1984@mail.ru,
katya,mirta.dingman.90@mail.ru,
katya,colene_macdonald_macdonald@mail.ru,
eva,rhoda.williamson.williamson@mail.ru,380979217770
eva,mcculloch-85@mail.ru,
eva,lizzie.dusek.86@mail.ru,
eva,swickh@mail.ru,
eva,washburn-91@mail.ru,
eva,lavenia_watson_watson@mail.ru,
eva,helena.mcarthur.84@mail.ru,
eva,romana.cervantes.cervantes@mail.ru,
eva,whitby.90@mail.ru,
eva,dallas_richard@mail.ru,
eva,caryl.rosner@mail.ru,
eva,luper1989@mail.ru,
eva,asley.eggleston.80@mail.ru,
eva,blodgett.t@mail.ru,
eva,latia.langford.langford@mail.ru,
eva,xochitl.ashby@mail.ru,
eva,braswell_1980@mail.ru,
eva,thomas.aurelia@mail.ru,
eva,buchholtz.1988@mail.ru,
eva,murfft@mail.ru,
eva,maurice.grover.92@mail.ru,
eva,sharonda.dominguez.dominguez@mail.ru,
eva,rita.tenorio.tenorio@mail.ru,
eva,jess_romero_romero@mail.ru,
eva,prater.elia@mail.ru,
eva,sandstrom-1991@mail.ru,
eva,emilee.stillwell@mail.ru,
eva,meghan.norris.norris@mail.ru,
eva,lowell2019@mail.ru,
eva,shawanda.guyer.guyer@mail.ru,
eva,minnich.jaime@mail.ru,
eva,watson.cythia@mail.ru,
eva,latisha.iglesias.81@mail.ru,
eva,hearne_2019@mail.ru,
eva,gale.mcqueary@mail.ru,
eva,tillie.pieper@mail.ru,
eva,christy.kugler.83@mail.ru,
eva,regan.mcqueary.mcqueary@mail.ru,
eva,e_hickson@mail.ru,
eva,haslam_2019@mail.ru,
eva,rueter.cathrine@mail.ru,
eva,mary.lance.lance@mail.ru,
eva,vonnie.wilken.wilken@mail.ru,
eva,chantal.jacobsen.jacobsen@mail.ru,
eva,l.whitby@mail.ru,
eva,henriette.fields.fields@mail.ru,
eva,baumgardner_1989@mail.ru,
eva,gaffney_2019@mail.ru,
eva,howton.katherine@mail.ru,
eva,rhinehart1993@mail.ru,
eva,sierra.dawkins.85@mail.ru,
eva,talavera.asha@mail.ru,
eva,dianne.etzel.etzel@mail.ru,
eva,olene.shenk@mail.ru,
eva,insleyj@mail.ru,
eva,lyla.printz.printz@mail.ru,
eva,cavallaro_81@mail.ru,
eva,allison.wilbert.94@mail.ru,
eva,retta.ransdell@mail.ru,
eva,rosella.millet.89@mail.ru,
eva,mildred.keyser.keyser@mail.ru,
eva,raquel.forrest.94@mail.ru,
eva,debose.kassandra@mail.ru,
eva,marx.jardine.89@mail.ru,
eva,tamera.randle.90@mail.ru,
eva,kecia.mendonca.mendonca@mail.ru,
eva,inger.stucky@mail.ru,
eva,virgie.press.press@mail.ru,
eva,lashawna.ramirez.83@mail.ru,
eva,shonda.starns.86@mail.ru,
eva,bette.caban.86@mail.ru,
eva,rothstein_1988@mail.ru,
eva,julianna.ralph.ralph@mail.ru,
eva,batista.sarina@mail.ru,
eva,marylyn.hogue@mail.ru,
eva,durrett84@mail.ru,
eva,webber.jame@mail.ru,
eva,quillen.j@mail.ru,
eva,fitzhugh-1981@mail.ru,
eva,lora.vento.vento@mail.ru,
eva,washburn-2019@mail.ru,
eva,grisel.weston.weston@mail.ru,
eva,franks.chae@mail.ru,
eva,harland.sherise@mail.ru,
eva,terrie.butkovich.86@mail.ru,
eva,daniel.douglas.2018@mail.ru,
eva,alford80@mail.ru,
eva,rorie.85@mail.ru,
eva,isaacson2019@mail.ru,
eva,todd.rigsby.rigsby@mail.ru,
eva,brabham1990@mail.ru,
eva,ussery_a@mail.ru,
eva,richert_1982@mail.ru,
eva,trudy.ivory@mail.ru,
eva,yolanda.ouellette.84@mail.ru,
eva,treadway_1988@mail.ru,
eva,magdaleno81@mail.ru,
eva,billi.denton@mail.ru,
eva,bryce2019@mail.ru,
eva,shakira.waldon.waldon@mail.ru,
eva,baehr.antionette@mail.ru,
eva,corene.kress.81@mail.ru,
eva,kira.shelor.92@mail.ru,
eva,tribble_2019@mail.ru,
eva,tussey1980@mail.ru,
eva,whitehouse-1983@mail.ru,
eva,sade.zehner.89@mail.ru,
eva,bowers_89@mail.ru,
eva,carolann.jackson.jackson@mail.ru,
eva,pickens_2019@mail.ru,
eva,shannan_moore_moore@mail.ru,
eva,jessie.mcgowan.mcgowan@mail.ru,
eva,halley.eisele.eisele@mail.ru,
eva,lane_montes@mail.ru,
eva,frasure2018@mail.ru,
eva,lomeli.maximina@mail.ru,
eva,vestal_1984@mail.ru,
eva,mirta.dingman.90@mail.ru,
eva,colene_macdonald_macdonald@mail.ru,
eva,rhoda.williamson.williamson@mail.ru,
allovlad,hartwell.1987@mail.ru,380968165000
allovlad,mcculloch-85@mail.ru,
allovlad,lizzie.dusek.86@mail.ru,
allovlad,swickh@mail.ru,
allovlad,washburn-91@mail.ru,
allovlad,lavenia_watson_watson@mail.ru,
allovlad,helena.mcarthur.84@mail.ru,
allovlad,romana.cervantes.cervantes@mail.ru,
allovlad,whitby.90@mail.ru,
allovlad,dallas_richard@mail.ru,
allovlad,caryl.rosner@mail.ru,
allovlad,luper1989@mail.ru,
allovlad,asley.eggleston.80@mail.ru,
allovlad,blodgett.t@mail.ru,
allovlad,latia.langford.langford@mail.ru,
allovlad,xochitl.ashby@mail.ru,
allovlad,braswell_1980@mail.ru,
allovlad,thomas.aurelia@mail.ru,
allovlad,buchholtz.1988@mail.ru,
allovlad,murfft@mail.ru,
allovlad,maurice.grover.92@mail.ru,
allovlad,sharonda.dominguez.dominguez@mail.ru,
allovlad,rita.tenorio.tenorio@mail.ru,
allovlad,jess_romero_romero@mail.ru,
allovlad,prater.elia@mail.ru,
allovlad,sandstrom-1991@mail.ru,
allovlad,emilee.stillwell@mail.ru,
allovlad,meghan.norris.norris@mail.ru,
allovlad,lowell2019@mail.ru,
allovlad,shawanda.guyer.guyer@mail.ru,
allovlad,minnich.jaime@mail.ru,
allovlad,watson.cythia@mail.ru,
allovlad,latisha.iglesias.81@mail.ru,
allovlad,hearne_2019@mail.ru,
allovlad,gale.mcqueary@mail.ru,
allovlad,tillie.pieper@mail.ru,
allovlad,christy.kugler.83@mail.ru,
allovlad,regan.mcqueary.mcqueary@mail.ru,
allovlad,e_hickson@mail.ru,
allovlad,haslam_2019@mail.ru,
allovlad,rueter.cathrine@mail.ru,
allovlad,mary.lance.lance@mail.ru,
allovlad,vonnie.wilken.wilken@mail.ru,
allovlad,chantal.jacobsen.jacobsen@mail.ru,
allovlad,l.whitby@mail.ru,
allovlad,henriette.fields.fields@mail.ru,
allovlad,baumgardner_1989@mail.ru,
allovlad,gaffney_2019@mail.ru,
allovlad,howton.katherine@mail.ru,
allovlad,rhinehart1993@mail.ru,
allovlad,sierra.dawkins.85@mail.ru,
allovlad,talavera.asha@mail.ru,
allovlad,dianne.etzel.etzel@mail.ru,
allovlad,olene.shenk@mail.ru,
allovlad,insleyj@mail.ru,
allovlad,lyla.printz.printz@mail.ru,
allovlad,cavallaro_81@mail.ru,
allovlad,allison.wilbert.94@mail.ru,
allovlad,retta.ransdell@mail.ru,
allovlad,rosella.millet.89@mail.ru,
allovlad,mildred.keyser.keyser@mail.ru,
allovlad,raquel.forrest.94@mail.ru,
allovlad,debose.kassandra@mail.ru,
allovlad,marx.jardine.89@mail.ru,
allovlad,tamera.randle.90@mail.ru,
allovlad,kecia.mendonca.mendonca@mail.ru,
allovlad,inger.stucky@mail.ru,
allovlad,virgie.press.press@mail.ru,
allovlad,lashawna.ramirez.83@mail.ru,
allovlad,shonda.starns.86@mail.ru,
allovlad,bette.caban.86@mail.ru,
allovlad,rothstein_1988@mail.ru,
allovlad,julianna.ralph.ralph@mail.ru,
allovlad,batista.sarina@mail.ru,
allovlad,marylyn.hogue@mail.ru,
allovlad,durrett84@mail.ru,
allovlad,webber.jame@mail.ru,
allovlad,quillen.j@mail.ru,
allovlad,fitzhugh-1981@mail.ru,
allovlad,lora.vento.vento@mail.ru,
allovlad,washburn-2019@mail.ru,
allovlad,grisel.weston.weston@mail.ru,
allovlad,franks.chae@mail.ru,
allovlad,harland.sherise@mail.ru,
allovlad,terrie.butkovich.86@mail.ru,
allovlad,daniel.douglas.2018@mail.ru,
allovlad,alford80@mail.ru,
allovlad,rorie.85@mail.ru,
allovlad,isaacson2019@mail.ru,
allovlad,todd.rigsby.rigsby@mail.ru,
allovlad,brabham1990@mail.ru,
allovlad,ussery_a@mail.ru,
allovlad,richert_1982@mail.ru,
allovlad,trudy.ivory@mail.ru,
allovlad,yolanda.ouellette.84@mail.ru,
allovlad,treadway_1988@mail.ru,
allovlad,magdaleno81@mail.ru,
allovlad,billi.denton@mail.ru,
allovlad,bryce2019@mail.ru,
allovlad,shakira.waldon.waldon@mail.ru,
allovlad,baehr.antionette@mail.ru,
allovlad,corene.kress.81@mail.ru,
allovlad,kira.shelor.92@mail.ru,
allovlad,tribble_2019@mail.ru,
allovlad,tussey1980@mail.ru,
allovlad,whitehouse-1983@mail.ru,
allovlad,sade.zehner.89@mail.ru,
allovlad,bowers_89@mail.ru,
allovlad,carolann.jackson.jackson@mail.ru,
allovlad,pickens_2019@mail.ru,
allovlad,shannan_moore_moore@mail.ru,
allovlad,jessie.mcgowan.mcgowan@mail.ru,
allovlad,halley.eisele.eisele@mail.ru,
allovlad,lane_montes@mail.ru,
allovlad,frasure2018@mail.ru,
allovlad,lomeli.maximina@mail.ru,
allovlad,vestal_1984@mail.ru,
allovlad,mirta.dingman.90@mail.ru,
allovlad,colene_macdonald_macdonald@mail.ru,
allovlad,rhoda.williamson.williamson@mail.ru,
allovlad,hartwell.1987@mail.ru,
allovlad,mcculloch-85@mail.ru,
allovlad,lizzie.dusek.86@mail.ru,
allovlad,swickh@mail.ru,
allovlad,washburn-91@mail.ru,
allovlad,lavenia_watson_watson@mail.ru,
allovlad,helena.mcarthur.84@mail.ru,
allovlad,romana.cervantes.cervantes@mail.ru,
allovlad,whitby.90@mail.ru,
conversionrate,rita.tenorio.tenorio@mail.ru,380957085221
conversionrate,jess_romero_romero@mail.ru,
conversionrate,prater.elia@mail.ru,
conversionrate,sandstrom-1991@mail.ru,
conversionrate,emilee.stillwell@mail.ru,
conversionrate,meghan.norris.norris@mail.ru,
conversionrate,lowell2019@mail.ru,
conversionrate,shawanda.guyer.guyer@mail.ru,
conversionrate,minnich.jaime@mail.ru,
conversionrate,watson.cythia@mail.ru,
conversionrate,latisha.iglesias.81@mail.ru,
conversionrate,hearne_2019@mail.ru,
conversionrate,gale.mcqueary@mail.ru,
conversionrate,tillie.pieper@mail.ru,
conversionrate,christy.kugler.83@mail.ru,
conversionrate,regan.mcqueary.mcqueary@mail.ru,
conversionrate,e_hickson@mail.ru,
conversionrate,haslam_2019@mail.ru,
conversionrate,rueter.cathrine@mail.ru,
conversionrate,mary.lance.lance@mail.ru,
conversionrate,vonnie.wilken.wilken@mail.ru,
conversionrate,chantal.jacobsen.jacobsen@mail.ru,
conversionrate,l.whitby@mail.ru,
conversionrate,henriette.fields.fields@mail.ru,
conversionrate,baumgardner_1989@mail.ru,
conversionrate,gaffney_2019@mail.ru,
conversionrate,howton.katherine@mail.ru,
conversionrate,rhinehart1993@mail.ru,
conversionrate,sierra.dawkins.85@mail.ru,
conversionrate,talavera.asha@mail.ru,
conversionrate,dianne.etzel.etzel@mail.ru,
conversionrate,olene.shenk@mail.ru,
conversionrate,insleyj@mail.ru,
conversionrate,lyla.printz.printz@mail.ru,
conversionrate,cavallaro_81@mail.ru,
conversionrate,allison.wilbert.94@mail.ru,
conversionrate,retta.ransdell@mail.ru,
conversionrate,rosella.millet.89@mail.ru,
conversionrate,mildred.keyser.keyser@mail.ru,
conversionrate,raquel.forrest.94@mail.ru,
conversionrate,debose.kassandra@mail.ru,
conversionrate,marx.jardine.89@mail.ru,
conversionrate,tamera.randle.90@mail.ru,
conversionrate,kecia.mendonca.mendonca@mail.ru,
conversionrate,inger.stucky@mail.ru,
conversionrate,virgie.press.press@mail.ru,
conversionrate,lashawna.ramirez.83@mail.ru,
conversionrate,shonda.starns.86@mail.ru,
conversionrate,bette.caban.86@mail.ru,
conversionrate,rothstein_1988@mail.ru,
conversionrate,julianna.ralph.ralph@mail.ru,
conversionrate,batista.sarina@mail.ru,
conversionrate,marylyn.hogue@mail.ru,
conversionrate,durrett84@mail.ru,
conversionrate,webber.jame@mail.ru,
conversionrate,quillen.j@mail.ru,
conversionrate,fitzhugh-1981@mail.ru,
conversionrate,lora.vento.vento@mail.ru,
conversionrate,washburn-2019@mail.ru,
conversionrate,grisel.weston.weston@mail.ru,
conversionrate,franks.chae@mail.ru,
conversionrate,harland.sherise@mail.ru,
conversionrate,terrie.butkovich.86@mail.ru,
conversionrate,daniel.douglas.2018@mail.ru,
conversionrate,alford80@mail.ru,
conversionrate,rorie.85@mail.ru,
conversionrate,isaacson2019@mail.ru,
conversionrate,todd.rigsby.rigsby@mail.ru,
conversionrate,brabham1990@mail.ru,
conversionrate,ussery_a@mail.ru,
conversionrate,richert_1982@mail.ru,
conversionrate,trudy.ivory@mail.ru,
conversionrate,yolanda.ouellette.84@mail.ru,
conversionrate,treadway_1988@mail.ru,
conversionrate,magdaleno81@mail.ru,
conversionrate,billi.denton@mail.ru,
conversionrate,bryce2019@mail.ru,
conversionrate,shakira.waldon.waldon@mail.ru,
conversionrate,baehr.antionette@mail.ru,
conversionrate,corene.kress.81@mail.ru,
conversionrate,kira.shelor.92@mail.ru,
conversionrate,tribble_2019@mail.ru,
conversionrate,tussey1980@mail.ru,
conversionrate,whitehouse-1983@mail.ru,
conversionrate,sade.zehner.89@mail.ru,
conversionrate,bowers_89@mail.ru,
conversionrate,carolann.jackson.jackson@mail.ru,
conversionrate,pickens_2019@mail.ru,
conversionrate,shannan_moore_moore@mail.ru,
conversionrate,jessie.mcgowan.mcgowan@mail.ru,
conversionrate,halley.eisele.eisele@mail.ru,
conversionrate,lane_montes@mail.ru,
conversionrate,frasure2018@mail.ru,
conversionrate,lomeli.maximina@mail.ru,
conversionrate,vestal_1984@mail.ru,
conversionrate,mirta.dingman.90@mail.ru,
conversionrate,colene_macdonald_macdonald@mail.ru,
conversionrate,rhoda.williamson.williamson@mail.ru,
conversionrate,hartwell.1987@mail.ru,
conversionrate,mcculloch-85@mail.ru,
conversionrate,lizzie.dusek.86@mail.ru,
conversionrate,swickh@mail.ru,
conversionrate,washburn-91@mail.ru,
conversionrate,lavenia_watson_watson@mail.ru,
conversionrate,helena.mcarthur.84@mail.ru,
conversionrate,romana.cervantes.cervantes@mail.ru,
conversionrate,whitby.90@mail.ru,
conversionrate,dallas_richard@mail.ru,
conversionrate,caryl.rosner@mail.ru,
conversionrate,luper1989@mail.ru,
conversionrate,asley.eggleston.80@mail.ru,
conversionrate,blodgett.t@mail.ru,
conversionrate,latia.langford.langford@mail.ru,
conversionrate,xochitl.ashby@mail.ru,
conversionrate,braswell_1980@mail.ru,
conversionrate,thomas.aurelia@mail.ru,
conversionrate,buchholtz.1988@mail.ru,
conversionrate,murfft@mail.ru,
conversionrate,maurice.grover.92@mail.ru,
conversionrate,sharonda.dominguez.dominguez@mail.ru,
conversionrate,rita.tenorio.tenorio@mail.ru,
conversionrate,jess_romero_romero@mail.ru,
conversionrate,prater.elia@mail.ru,
conversionrate,sandstrom-1991@mail.ru,
conversionrate,emilee.stillwell@mail.ru,
conversionrate,meghan.norris.norris@mail.ru,
conversionrate,lowell2019@mail.ru,
conversionrate,shawanda.guyer.guyer@mail.ru,
conversionrate,minnich.jaime@mail.ru,
conversionrate,watson.cythia@mail.ru,
conversionrate,latisha.iglesias.81@mail.ru,
conversionrate,hearne_2019@mail.ru,
conversionrate,gale.mcqueary@mail.ru,
conversionrate,tillie.pieper@mail.ru,
conversionrate,christy.kugler.83@mail.ru,
conversionrate,regan.mcqueary.mcqueary@mail.ru,
conversionrate,e_hickson@mail.ru,
conversionrate,haslam_2019@mail.ru,
conversionrate,rueter.cathrine@mail.ru,
conversionrate,mary.lance.lance@mail.ru,
conversionrate,vonnie.wilken.wilken@mail.ru,
conversionrate,chantal.jacobsen.jacobsen@mail.ru,
conversionrate,l.whitby@mail.ru,
conversionrate,henriette.fields.fields@mail.ru,
conversionrate,baumgardner_1989@mail.ru,
conversionrate,gaffney_2019@mail.ru,
conversionrate,howton.katherine@mail.ru,
conversionrate,rhinehart1993@mail.ru,
conversionrate,sierra.dawkins.85@mail.ru,
conversionrate,talavera.asha@mail.ru,
conversionrate,dianne.etzel.etzel@mail.ru,
conversionrate,olene.shenk@mail.ru,
conversionrate,insleyj@mail.ru,
conversionrate,lyla.printz.printz@mail.ru,
conversionrate,cavallaro_81@mail.ru,
conversionrate,allison.wilbert.94@mail.ru,
conversionrate,retta.ransdell@mail.ru,
conversionrate,rosella.millet.89@mail.ru,
conversionrate,mildred.keyser.keyser@mail.ru,
conversionrate,raquel.forrest.94@mail.ru,
conversionrate,debose.kassandra@mail.ru,
conversionrate,marx.jardine.89@mail.ru,
conversionrate,tamera.randle.90@mail.ru,
conversionrate,kecia.mendonca.mendonca@mail.ru,
conversionrate,inger.stucky@mail.ru,
conversionrate,virgie.press.press@mail.ru,
conversionrate,lashawna.ramirez.83@mail.ru,
conversionrate,shonda.starns.86@mail.ru,
conversionrate,bette.caban.86@mail.ru,
conversionrate,rothstein_1988@mail.ru,
conversionrate,julianna.ralph.ralph@mail.ru,
conversionrate,batista.sarina@mail.ru,
conversionrate,marylyn.hogue@mail.ru,
conversionrate,durrett84@mail.ru,
conversionrate,webber.jame@mail.ru,
conversionrate,quillen.j@mail.ru,
conversionrate,fitzhugh-1981@mail.ru,
conversionrate,lora.vento.vento@mail.ru,
conversionrate,washburn-2019@mail.ru,
conversionrate,grisel.weston.weston@mail.ru,
conversionrate,franks.chae@mail.ru,
conversionrate,harland.sherise@mail.ru,
conversionrate,terrie.butkovich.86@mail.ru,
conversionrate,daniel.douglas.2018@mail.ru,
conversionrate,alford80@mail.ru,
conversionrate,rorie.85@mail.ru,
conversionrate,isaacson2019@mail.ru,
conversionrate,todd.rigsby.rigsby@mail.ru,
conversionrate,brabham1990@mail.ru,
conversionrate,ussery_a@mail.ru,
conversionrate,richert_1982@mail.ru,
conversionrate,trudy.ivory@mail.ru,
conversionrate,yolanda.ouellette.84@mail.ru,
conversionrate,treadway_1988@mail.ru,
conversionrate,magdaleno81@mail.ru,
conversionrate,billi.denton@mail.ru,
conversionrate,bryce2019@mail.ru,
conversionrate,shakira.waldon.waldon@mail.ru,
conversionrate,baehr.antionette@mail.ru,
conversionrate,corene.kress.81@mail.ru,
conversionrate,kira.shelor.92@mail.ru,
conversionrate,tribble_2019@mail.ru,
conversionrate,tussey1980@mail.ru,
conversionrate,whitehouse-1983@mail.ru,
conversionrate,sade.zehner.89@mail.ru,
conversionrate,bowers_89@mail.ru,
conversionrate,carolann.jackson.jackson@mail.ru,
conversionrate,pickens_2019@mail.ru,
conversionrate,shannan_moore_moore@mail.ru,
conversionrate,jessie.mcgowan.mcgowan@mail.ru,
conversionrate,halley.eisele.eisele@mail.ru,
conversionrate,lane_montes@mail.ru,
conversionrate,frasure2018@mail.ru,
conversionrate,lomeli.maximina@mail.ru,
conversionrate,vestal_1984@mail.ru,
conversionrate,mirta.dingman.90@mail.ru,
conversionrate,colene_macdonald_macdonald@mail.ru,
conversionrate,rhoda.williamson.williamson@mail.ru,
conversionrate,hartwell.1987@mail.ru,
conversionrate,mcculloch-85@mail.ru,
conversionrate,lizzie.dusek.86@mail.ru,
conversionrate,swickh@mail.ru,
conversionrate,washburn-91@mail.ru,
conversionrate,lavenia_watson_watson@mail.ru,
conversionrate,helena.mcarthur.84@mail.ru,
conversionrate,romana.cervantes.cervantes@mail.ru,
conversionrate,whitby.90@mail.ru,
mti,bowers_89@mail.ru,380504222228
mti,carolann.jackson.jackson@mail.ru,
mti,pickens_2019@mail.ru,
mti,shannan_moore_moore@mail.ru,
mti,jessie.mcgowan.mcgowan@mail.ru,
mti,halley.eisele.eisele@mail.ru,
mti,lane_montes@mail.ru,
mti,frasure2018@mail.ru,
mti,lomeli.maximina@mail.ru,
mti,vestal_1984@mail.ru,
mti,mirta.dingman.90@mail.ru,
mti,colene_macdonald_macdonald@mail.ru,
mti,rhoda.williamson.williamson@mail.ru,
mti,hartwell.1987@mail.ru,
mti,mcculloch-85@mail.ru,
mti,lizzie.dusek.86@mail.ru,
mti,swickh@mail.ru,
mti,washburn-91@mail.ru,
mti,lavenia_watson_watson@mail.ru,
mti,helena.mcarthur.84@mail.ru,
mti,romana.cervantes.cervantes@mail.ru,
mti,whitby.90@mail.ru,
mti,rita.tenorio.tenorio@mail.ru,
mti,jess_romero_romero@mail.ru,
mti,prater.elia@mail.ru,
mti,sandstrom-1991@mail.ru,
mti,emilee.stillwell@mail.ru,
mti,meghan.norris.norris@mail.ru,
mti,lowell2019@mail.ru,
mti,shawanda.guyer.guyer@mail.ru,
mti,minnich.jaime@mail.ru,
mti,watson.cythia@mail.ru,
mti,latisha.iglesias.81@mail.ru,
mti,hearne_2019@mail.ru,
mti,gale.mcqueary@mail.ru,
mti,tillie.pieper@mail.ru,
mti,christy.kugler.83@mail.ru,
mti,regan.mcqueary.mcqueary@mail.ru,
mti,e_hickson@mail.ru,
mti,haslam_2019@mail.ru,
mti,rueter.cathrine@mail.ru,
mti,mary.lance.lance@mail.ru,
mti,vonnie.wilken.wilken@mail.ru,
mti,chantal.jacobsen.jacobsen@mail.ru,
mti,l.whitby@mail.ru,
mti,henriette.fields.fields@mail.ru,
mti,baumgardner_1989@mail.ru,
mti,gaffney_2019@mail.ru,
mti,howton.katherine@mail.ru,
mti,rhinehart1993@mail.ru,
mti,sierra.dawkins.85@mail.ru,
mti,talavera.asha@mail.ru,
mti,dianne.etzel.etzel@mail.ru,
mti,olene.shenk@mail.ru,
mti,insleyj@mail.ru,
mti,lyla.printz.printz@mail.ru,
mti,cavallaro_81@mail.ru,
mti,allison.wilbert.94@mail.ru,
mti,retta.ransdell@mail.ru,
mti,rosella.millet.89@mail.ru,
mti,mildred.keyser.keyser@mail.ru,
mti,raquel.forrest.94@mail.ru,
mti,debose.kassandra@mail.ru,
mti,marx.jardine.89@mail.ru,
mti,tamera.randle.90@mail.ru,
mti,kecia.mendonca.mendonca@mail.ru,
mti,inger.stucky@mail.ru,
mti,virgie.press.press@mail.ru,
mti,lashawna.ramirez.83@mail.ru,
mti,shonda.starns.86@mail.ru,
mti,bette.caban.86@mail.ru,
mti,rothstein_1988@mail.ru,
mti,julianna.ralph.ralph@mail.ru,
mti,batista.sarina@mail.ru,
mti,marylyn.hogue@mail.ru,
mti,durrett84@mail.ru,
mti,webber.jame@mail.ru,
mti,quillen.j@mail.ru,
mti,fitzhugh-1981@mail.ru,
mti,lora.vento.vento@mail.ru,
mti,washburn-2019@mail.ru,
mti,grisel.weston.weston@mail.ru,
mti,franks.chae@mail.ru,
mti,harland.sherise@mail.ru,
mti,terrie.butkovich.86@mail.ru,
mti,daniel.douglas.2018@mail.ru,
mti,alford80@mail.ru,
mti,rorie.85@mail.ru,
mti,isaacson2019@mail.ru,
mti,todd.rigsby.rigsby@mail.ru,
mti,brabham1990@mail.ru,
mti,ussery_a@mail.ru,
mti,richert_1982@mail.ru,
mti,trudy.ivory@mail.ru,
mti,yolanda.ouellette.84@mail.ru,
mti,treadway_1988@mail.ru,
mti,magdaleno81@mail.ru,
mti,billi.denton@mail.ru,
mti,bryce2019@mail.ru,
mti,shakira.waldon.waldon@mail.ru,
mti,baehr.antionette@mail.ru,
mti,corene.kress.81@mail.ru,
mti,kira.shelor.92@mail.ru,
mti,tribble_2019@mail.ru,
mti,tussey1980@mail.ru,
mti,whitehouse-1983@mail.ru,
mti,sade.zehner.89@mail.ru,
mti,bowers_89@mail.ru,
mti,carolann.jackson.jackson@mail.ru,
mti,pickens_2019@mail.ru,
mti,shannan_moore_moore@mail.ru,
mti,jessie.mcgowan.mcgowan@mail.ru,
mti,halley.eisele.eisele@mail.ru,
mti,lane_montes@mail.ru,
mti,frasure2018@mail.ru,
mti,lomeli.maximina@mail.ru,
mti,vestal_1984@mail.ru,
mti,mirta.dingman.90@mail.ru,
mti,colene_macdonald_macdonald@mail.ru,
mti,rhoda.williamson.williamson@mail.ru,
mti,hartwell.1987@mail.ru,
mti,mcculloch-85@mail.ru,
mti,lizzie.dusek.86@mail.ru,
mti,swickh@mail.ru,
mti,washburn-91@mail.ru,
mti,lavenia_watson_watson@mail.ru,
mti,helena.mcarthur.84@mail.ru,
mti,romana.cervantes.cervantes@mail.ru,
mti,whitby.90@mail.ru,
mti,dallas_richard@mail.ru,
mti,caryl.rosner@mail.ru,
mti,luper1989@mail.ru,
mti,asley.eggleston.80@mail.ru,
mti,blodgett.t@mail.ru,
mti,latia.langford.langford@mail.ru,
mti,xochitl.ashby@mail.ru,
mti,braswell_1980@mail.ru,
mti,thomas.aurelia@mail.ru,
mti,buchholtz.1988@mail.ru,
mti,murfft@mail.ru,
mti,maurice.grover.92@mail.ru,
mti,sharonda.dominguez.dominguez@mail.ru,
mti,rita.tenorio.tenorio@mail.ru,
mti,jess_romero_romero@mail.ru,
mti,prater.elia@mail.ru,
mti,sandstrom-1991@mail.ru,
mti,emilee.stillwell@mail.ru,
mti,meghan.norris.norris@mail.ru,
mti,lowell2019@mail.ru,
mti,shawanda.guyer.guyer@mail.ru,
mti,minnich.jaime@mail.ru,
mti,watson.cythia@mail.ru,
mti,latisha.iglesias.81@mail.ru,
mti,hearne_2019@mail.ru,
mti,gale.mcqueary@mail.ru,
mti,tillie.pieper@mail.ru,
mti,christy.kugler.83@mail.ru,
mti,regan.mcqueary.mcqueary@mail.ru,
mti,e_hickson@mail.ru,
mti,haslam_2019@mail.ru,
mti,rueter.cathrine@mail.ru,
mti,mary.lance.lance@mail.ru,
mti,vonnie.wilken.wilken@mail.ru,
mti,chantal.jacobsen.jacobsen@mail.ru,
mti,l.whitby@mail.ru,
mti,henriette.fields.fields@mail.ru,
mti,baumgardner_1989@mail.ru,
mti,gaffney_2019@mail.ru,
mti,howton.katherine@mail.ru,
mti,rhinehart1993@mail.ru,
mti,sierra.dawkins.85@mail.ru,
mti,talavera.asha@mail.ru,
mti,dianne.etzel.etzel@mail.ru,
mti,olene.shenk@mail.ru,
mti,insleyj@mail.ru,
mti,lyla.printz.printz@mail.ru,
mti,cavallaro_81@mail.ru,
mti,allison.wilbert.94@mail.ru,
mti,retta.ransdell@mail.ru,
mti,rosella.millet.89@mail.ru,
mti,mildred.keyser.keyser@mail.ru,
mti,raquel.forrest.94@mail.ru,
mti,debose.kassandra@mail.ru,
mti,marx.jardine.89@mail.ru,
mti,tamera.randle.90@mail.ru,
mti,kecia.mendonca.mendonca@mail.ru,
mti,inger.stucky@mail.ru,
mti,virgie.press.press@mail.ru,
mti,lashawna.ramirez.83@mail.ru,
mti,shonda.starns.86@mail.ru,
mti,bette.caban.86@mail.ru,
mti,rothstein_1988@mail.ru,
mti,julianna.ralph.ralph@mail.ru,
mti,batista.sarina@mail.ru,
mti,marylyn.hogue@mail.ru,
mti,durrett84@mail.ru,
mti,webber.jame@mail.ru,
mti,quillen.j@mail.ru,
mti,fitzhugh-1981@mail.ru,
mti,lora.vento.vento@mail.ru,
mti,washburn-2019@mail.ru,
mti,grisel.weston.weston@mail.ru,
mti,franks.chae@mail.ru,
mti,harland.sherise@mail.ru,
mti,terrie.butkovich.86@mail.ru,
mti,daniel.douglas.2018@mail.ru,
mti,alford80@mail.ru,
mti,rorie.85@mail.ru,
mti,isaacson2019@mail.ru,
mti,todd.rigsby.rigsby@mail.ru,
mti,brabham1990@mail.ru,
mti,ussery_a@mail.ru,
mti,richert_1982@mail.ru,
mti,trudy.ivory@mail.ru,
mti,yolanda.ouellette.84@mail.ru,
mti,treadway_1988@mail.ru,
mti,magdaleno81@mail.ru,
mti,billi.denton@mail.ru,
mti,bryce2019@mail.ru,
mti,shakira.waldon.waldon@mail.ru,
mti,baehr.antionette@mail.ru,
mti,corene.kress.81@mail.ru,
mti,kira.shelor.92@mail.ru,
mti,tribble_2019@mail.ru,
mti,tussey1980@mail.ru,
mti,whitehouse-1983@mail.ru,
mti,sade.zehner.89@mail.ru,
mti,bowers_89@mail.ru,
mti,carolann.jackson.jackson@mail.ru,
mti,pickens_2019@mail.ru,
mti,shannan_moore_moore@mail.ru,
mti,jessie.mcgowan.mcgowan@mail.ru,
mti,halley.eisele.eisele@mail.ru,
mti,lane_montes@mail.ru,
mti,frasure2018@mail.ru,
mti,lomeli.maximina@mail.ru,
mti,vestal_1984@mail.ru,
mti,mirta.dingman.90@mail.ru,
mti,colene_macdonald_macdonald@mail.ru,
mti,rhoda.williamson.williamson@mail.ru,
mti,hartwell.1987@mail.ru,
mti,mcculloch-85@mail.ru,
mti,lizzie.dusek.86@mail.ru,
mti,swickh@mail.ru,
mti,washburn-91@mail.ru,
mti,lavenia_watson_watson@mail.ru,
mti,helena.mcarthur.84@mail.ru,
mti,romana.cervantes.cervantes@mail.ru,
mti,whitby.90@mail.ru,
ukrsibtanyat,insleyj@mail.ru,380980744909
ukrsibtanyat,lyla.printz.printz@mail.ru,
ukrsibtanyat,cavallaro_81@mail.ru,
ukrsibtanyat,allison.wilbert.94@mail.ru,
ukrsibtanyat,retta.ransdell@mail.ru,
ukrsibtanyat,rosella.millet.89@mail.ru,
ukrsibtanyat,mildred.keyser.keyser@mail.ru,
ukrsibtanyat,raquel.forrest.94@mail.ru,
ukrsibtanyat,debose.kassandra@mail.ru,
ukrsibtanyat,marx.jardine.89@mail.ru,
ukrsibtanyat,tamera.randle.90@mail.ru,
ukrsibtanyat,kecia.mendonca.mendonca@mail.ru,
ukrsibtanyat,inger.stucky@mail.ru,
ukrsibtanyat,virgie.press.press@mail.ru,
ukrsibtanyat,lashawna.ramirez.83@mail.ru,
ukrsibtanyat,shonda.starns.86@mail.ru,
ukrsibtanyat,bette.caban.86@mail.ru,
ukrsibtanyat,rothstein_1988@mail.ru,
ukrsibtanyat,julianna.ralph.ralph@mail.ru,
ukrsibtanyat,batista.sarina@mail.ru,
ukrsibtanyat,marylyn.hogue@mail.ru,
ukrsibtanyat,durrett84@mail.ru,
ukrsibtanyat,webber.jame@mail.ru,
ukrsibtanyat,quillen.j@mail.ru,
ukrsibtanyat,fitzhugh-1981@mail.ru,
ukrsibtanyat,lora.vento.vento@mail.ru,
ukrsibtanyat,washburn-2019@mail.ru,
ukrsibtanyat,grisel.weston.weston@mail.ru,
ukrsibtanyat,franks.chae@mail.ru,
ukrsibtanyat,harland.sherise@mail.ru,
ukrsibtanyat,terrie.butkovich.86@mail.ru,
ukrsibtanyat,daniel.douglas.2018@mail.ru,
ukrsibtanyat,alford80@mail.ru,
ukrsibtanyat,rorie.85@mail.ru,
ukrsibtanyat,isaacson2019@mail.ru,
ukrsibtanyat,todd.rigsby.rigsby@mail.ru,
ukrsibtanyat,brabham1990@mail.ru,
ukrsibtanyat,ussery_a@mail.ru,
ukrsibtanyat,richert_1982@mail.ru,
ukrsibtanyat,trudy.ivory@mail.ru,
ukrsibtanyat,yolanda.ouellette.84@mail.ru,
ukrsibtanyat,treadway_1988@mail.ru,
ukrsibtanyat,magdaleno81@mail.ru,
ukrsibtanyat,billi.denton@mail.ru,
ukrsibtanyat,bryce2019@mail.ru,
ukrsibtanyat,shakira.waldon.waldon@mail.ru,
ukrsibtanyat,baehr.antionette@mail.ru,
ukrsibtanyat,corene.kress.81@mail.ru,
ukrsibtanyat,kira.shelor.92@mail.ru,
ukrsibtanyat,tribble_2019@mail.ru,
ukrsibtanyat,tussey1980@mail.ru,
ukrsibtanyat,whitehouse-1983@mail.ru,
ukrsibtanyat,sade.zehner.89@mail.ru,
ukrsibtanyat,bowers_89@mail.ru,
ukrsibtanyat,carolann.jackson.jackson@mail.ru,
ukrsibtanyat,pickens_2019@mail.ru,
ukrsibtanyat,shannan_moore_moore@mail.ru,
ukrsibtanyat,jessie.mcgowan.mcgowan@mail.ru,
ukrsibtanyat,halley.eisele.eisele@mail.ru,
ukrsibtanyat,lane_montes@mail.ru,
ukrsibtanyat,frasure2018@mail.ru,
ukrsibtanyat,lomeli.maximina@mail.ru,
ukrsibtanyat,vestal_1984@mail.ru,
ukrsibtanyat,mirta.dingman.90@mail.ru,
ukrsibtanyat,colene_macdonald_macdonald@mail.ru,
ukrsibtanyat,rhoda.williamson.williamson@mail.ru,
ukrsibtanyat,hartwell.1987@mail.ru,
ukrsibtanyat,mcculloch-85@mail.ru,
ukrsibtanyat,lizzie.dusek.86@mail.ru,
ukrsibtanyat,swickh@mail.ru,
ukrsibtanyat,washburn-91@mail.ru,
ukrsibtanyat,lavenia_watson_watson@mail.ru,
ukrsibtanyat,helena.mcarthur.84@mail.ru,
ukrsibtanyat,romana.cervantes.cervantes@mail.ru,
ukrsibtanyat,whitby.90@mail.ru,
ukrsibtanyat,dallas_richard@mail.ru,
ukrsibtanyat,caryl.rosner@mail.ru,
ukrsibtanyat,luper1989@mail.ru,
ukrsibtanyat,asley.eggleston.80@mail.ru,
ukrsibtanyat,blodgett.t@mail.ru,
ukrsibtanyat,latia.langford.langford@mail.ru,
ukrsibtanyat,xochitl.ashby@mail.ru,
ukrsibtanyat,braswell_1980@mail.ru,
ukrsibtanyat,thomas.aurelia@mail.ru,
ukrsibtanyat,buchholtz.1988@mail.ru,
ukrsibtanyat,murfft@mail.ru,
ukrsibtanyat,maurice.grover.92@mail.ru,
ukrsibtanyat,sharonda.dominguez.dominguez@mail.ru,
ukrsibtanyat,rita.tenorio.tenorio@mail.ru,
ukrsibtanyat,jess_romero_romero@mail.ru,
ukrsibtanyat,prater.elia@mail.ru,
ukrsibtanyat,sandstrom-1991@mail.ru,
ukrsibtanyat,emilee.stillwell@mail.ru,
ukrsibtanyat,meghan.norris.norris@mail.ru,
ukrsibtanyat,lowell2019@mail.ru,
ukrsibtanyat,shawanda.guyer.guyer@mail.ru,
ukrsibtanyat,minnich.jaime@mail.ru,
ukrsibtanyat,watson.cythia@mail.ru,
ukrsibtanyat,latisha.iglesias.81@mail.ru,
ukrsibtanyat,hearne_2019@mail.ru,
ukrsibtanyat,gale.mcqueary@mail.ru,
ukrsibtanyat,tillie.pieper@mail.ru,
ukrsibtanyat,christy.kugler.83@mail.ru,
ukrsibtanyat,regan.mcqueary.mcqueary@mail.ru,
ukrsibtanyat,e_hickson@mail.ru,
ukrsibtanyat,haslam_2019@mail.ru,
ukrsibtanyat,rueter.cathrine@mail.ru,
ukrsibtanyat,mary.lance.lance@mail.ru,
ukrsibtanyat,vonnie.wilken.wilken@mail.ru,
ukrsibtanyat,chantal.jacobsen.jacobsen@mail.ru,
ukrsibtanyat,l.whitby@mail.ru,
ukrsibtanyat,henriette.fields.fields@mail.ru,
ukrsibtanyat,baumgardner_1989@mail.ru,
ukrsibtanyat,gaffney_2019@mail.ru,
ukrsibtanyat,howton.katherine@mail.ru,
ukrsibtanyat,rhinehart1993@mail.ru,
ukrsibtanyat,sierra.dawkins.85@mail.ru,
ukrsibtanyat,talavera.asha@mail.ru,
ukrsibtanyat,dianne.etzel.etzel@mail.ru,
ukrsibtanyat,olene.shenk@mail.ru,
ukrsibtanyat,insleyj@mail.ru,
ukrsibtanyat,lyla.printz.printz@mail.ru,
ukrsibtanyat,cavallaro_81@mail.ru,
ukrsibtanyat,allison.wilbert.94@mail.ru,
ukrsibtanyat,retta.ransdell@mail.ru,
ukrsibtanyat,rosella.millet.89@mail.ru,
ukrsibtanyat,mildred.keyser.keyser@mail.ru,
ukrsibtanyat,raquel.forrest.94@mail.ru,
ukrsibtanyat,debose.kassandra@mail.ru,
ukrsibtanyat,marx.jardine.89@mail.ru,
ukrsibtanyat,tamera.randle.90@mail.ru,
ukrsibtanyat,kecia.mendonca.mendonca@mail.ru,
ukrsibtanyat,inger.stucky@mail.ru,
ukrsibtanyat,virgie.press.press@mail.ru,
ukrsibtanyat,lashawna.ramirez.83@mail.ru,
ukrsibtanyat,shonda.starns.86@mail.ru,
ukrsibtanyat,bette.caban.86@mail.ru,
ukrsibtanyat,rothstein_1988@mail.ru,
ukrsibtanyat,julianna.ralph.ralph@mail.ru,
ukrsibtanyat,batista.sarina@mail.ru,
ukrsibtanyat,marylyn.hogue@mail.ru,
ukrsibtanyat,durrett84@mail.ru,
ukrsibtanyat,webber.jame@mail.ru,
ukrsibtanyat,quillen.j@mail.ru,
ukrsibtanyat,fitzhugh-1981@mail.ru,
ukrsibtanyat,lora.vento.vento@mail.ru,
ukrsibtanyat,washburn-2019@mail.ru,
ukrsibtanyat,grisel.weston.weston@mail.ru,
ukrsibtanyat,franks.chae@mail.ru,
ukrsibtanyat,harland.sherise@mail.ru,
ukrsibtanyat,terrie.butkovich.86@mail.ru,
ukrsibtanyat,daniel.douglas.2018@mail.ru,
ukrsibtanyat,alford80@mail.ru,
ukrsibtanyat,rorie.85@mail.ru,
ukrsibtanyat,isaacson2019@mail.ru,
ukrsibtanyat,todd.rigsby.rigsby@mail.ru,
ukrsibtanyat,brabham1990@mail.ru,
ukrsibtanyat,ussery_a@mail.ru,
ukrsibtanyat,richert_1982@mail.ru,
ukrsibtanyat,trudy.ivory@mail.ru,
ukrsibtanyat,yolanda.ouellette.84@mail.ru,
ukrsibtanyat,treadway_1988@mail.ru,
ukrsibtanyat,magdaleno81@mail.ru,
ukrsibtanyat,billi.denton@mail.ru,
ukrsibtanyat,bryce2019@mail.ru,
ukrsibtanyat,shakira.waldon.waldon@mail.ru,
ukrsibtanyat,baehr.antionette@mail.ru,
ukrsibtanyat,corene.kress.81@mail.ru,
ukrsibtanyat,kira.shelor.92@mail.ru,
ukrsibtanyat,tribble_2019@mail.ru,
ukrsibtanyat,tussey1980@mail.ru,
ukrsibtanyat,whitehouse-1983@mail.ru,
ukrsibtanyat,sade.zehner.89@mail.ru,
ukrsibtanyat,bowers_89@mail.ru,
ukrsibtanyat,carolann.jackson.jackson@mail.ru,
ukrsibtanyat,pickens_2019@mail.ru,
ukrsibtanyat,shannan_moore_moore@mail.ru,
ukrsibtanyat,jessie.mcgowan.mcgowan@mail.ru,
ukrsibtanyat,halley.eisele.eisele@mail.ru,
ukrsibtanyat,lane_montes@mail.ru,
ukrsibtanyat,frasure2018@mail.ru,
ukrsibtanyat,lomeli.maximina@mail.ru,
ukrsibtanyat,vestal_1984@mail.ru,
ukrsibtanyat,mirta.dingman.90@mail.ru,
ukrsibtanyat,colene_macdonald_macdonald@mail.ru,
ukrsibtanyat,rhoda.williamson.williamson@mail.ru,
ukrsibtanyat,hartwell.1987@mail.ru,
ukrsibtanyat,mcculloch-85@mail.ru,
ukrsibtanyat,lizzie.dusek.86@mail.ru,
ukrsibtanyat,swickh@mail.ru,
ukrsibtanyat,washburn-91@mail.ru,
ukrsibtanyat,lavenia_watson_watson@mail.ru,
ukrsibtanyat,helena.mcarthur.84@mail.ru,
ukrsibtanyat,romana.cervantes.cervantes@mail.ru,
ukrsibtanyat,whitby.90@mail.ru,
ukrsibtanyar,hartwell.1987@mail.ru,380674330789
ukrsibtanyar,mcculloch-85@mail.ru,
ukrsibtanyar,lizzie.dusek.86@mail.ru,
ukrsibtanyar,swickh@mail.ru,
ukrsibtanyar,washburn-91@mail.ru,
ukrsibtanyar,lavenia_watson_watson@mail.ru,
ukrsibtanyar,helena.mcarthur.84@mail.ru,
ukrsibtanyar,romana.cervantes.cervantes@mail.ru,
ukrsibtanyar,whitby.90@mail.ru,
ukrsibtanyar,dallas_richard@mail.ru,
ukrsibtanyar,caryl.rosner@mail.ru,
ukrsibtanyar,luper1989@mail.ru,
ukrsibtanyar,asley.eggleston.80@mail.ru,
ukrsibtanyar,blodgett.t@mail.ru,
ukrsibtanyar,latia.langford.langford@mail.ru,
ukrsibtanyar,xochitl.ashby@mail.ru,
ukrsibtanyar,braswell_1980@mail.ru,
ukrsibtanyar,thomas.aurelia@mail.ru,
ukrsibtanyar,buchholtz.1988@mail.ru,
ukrsibtanyar,murfft@mail.ru,
ukrsibtanyar,maurice.grover.92@mail.ru,
ukrsibtanyar,sharonda.dominguez.dominguez@mail.ru,
ukrsibtanyar,rita.tenorio.tenorio@mail.ru,
ukrsibtanyar,jess_romero_romero@mail.ru,
ukrsibtanyar,prater.elia@mail.ru,
ukrsibtanyar,sandstrom-1991@mail.ru,
ukrsibtanyar,emilee.stillwell@mail.ru,
ukrsibtanyar,meghan.norris.norris@mail.ru,
ukrsibtanyar,lowell2019@mail.ru,
ukrsibtanyar,shawanda.guyer.guyer@mail.ru,
ukrsibtanyar,minnich.jaime@mail.ru,
ukrsibtanyar,watson.cythia@mail.ru,
ukrsibtanyar,latisha.iglesias.81@mail.ru,
ukrsibtanyar,hearne_2019@mail.ru,
ukrsibtanyar,gale.mcqueary@mail.ru,
ukrsibtanyar,tillie.pieper@mail.ru,
ukrsibtanyar,christy.kugler.83@mail.ru,
ukrsibtanyar,regan.mcqueary.mcqueary@mail.ru,
ukrsibtanyar,e_hickson@mail.ru,
ukrsibtanyar,haslam_2019@mail.ru,
ukrsibtanyar,rueter.cathrine@mail.ru,
ukrsibtanyar,mary.lance.lance@mail.ru,
ukrsibtanyar,vonnie.wilken.wilken@mail.ru,
ukrsibtanyar,chantal.jacobsen.jacobsen@mail.ru,
ukrsibtanyar,l.whitby@mail.ru,
ukrsibtanyar,henriette.fields.fields@mail.ru,
ukrsibtanyar,baumgardner_1989@mail.ru,
ukrsibtanyar,gaffney_2019@mail.ru,
ukrsibtanyar,howton.katherine@mail.ru,
ukrsibtanyar,rhinehart1993@mail.ru,
ukrsibtanyar,sierra.dawkins.85@mail.ru,
ukrsibtanyar,talavera.asha@mail.ru,
ukrsibtanyar,dianne.etzel.etzel@mail.ru,
ukrsibtanyar,olene.shenk@mail.ru,
ukrsibtanyar,insleyj@mail.ru,
ukrsibtanyar,lyla.printz.printz@mail.ru,
ukrsibtanyar,cavallaro_81@mail.ru,
ukrsibtanyar,allison.wilbert.94@mail.ru,
ukrsibtanyar,retta.ransdell@mail.ru,
ukrsibtanyar,rosella.millet.89@mail.ru,
ukrsibtanyar,mildred.keyser.keyser@mail.ru,
ukrsibtanyar,raquel.forrest.94@mail.ru,
ukrsibtanyar,debose.kassandra@mail.ru,
ukrsibtanyar,marx.jardine.89@mail.ru,
ukrsibtanyar,tamera.randle.90@mail.ru,
ukrsibtanyar,kecia.mendonca.mendonca@mail.ru,
ukrsibtanyar,inger.stucky@mail.ru,
ukrsibtanyar,virgie.press.press@mail.ru,
ukrsibtanyar,lashawna.ramirez.83@mail.ru,
ukrsibtanyar,shonda.starns.86@mail.ru,
ukrsibtanyar,bette.caban.86@mail.ru,
ukrsibtanyar,rothstein_1988@mail.ru,
ukrsibtanyar,julianna.ralph.ralph@mail.ru,
ukrsibtanyar,batista.sarina@mail.ru,
ukrsibtanyar,marylyn.hogue@mail.ru,
ukrsibtanyar,durrett84@mail.ru,
ukrsibtanyar,webber.jame@mail.ru,
ukrsibtanyar,quillen.j@mail.ru,
ukrsibtanyar,fitzhugh-1981@mail.ru,
ukrsibtanyar,lora.vento.vento@mail.ru,
ukrsibtanyar,washburn-2019@mail.ru,
ukrsibtanyar,grisel.weston.weston@mail.ru,
ukrsibtanyar,franks.chae@mail.ru,
ukrsibtanyar,harland.sherise@mail.ru,
ukrsibtanyar,terrie.butkovich.86@mail.ru,
ukrsibtanyar,daniel.douglas.2018@mail.ru,
ukrsibtanyar,alford80@mail.ru,
ukrsibtanyar,rorie.85@mail.ru,
ukrsibtanyar,isaacson2019@mail.ru,
ukrsibtanyar,todd.rigsby.rigsby@mail.ru,
ukrsibtanyar,brabham1990@mail.ru,
ukrsibtanyar,ussery_a@mail.ru,
ukrsibtanyar,richert_1982@mail.ru,
ukrsibtanyar,trudy.ivory@mail.ru,
ukrsibtanyar,yolanda.ouellette.84@mail.ru,
ukrsibtanyar,treadway_1988@mail.ru,
ukrsibtanyar,magdaleno81@mail.ru,
ukrsibtanyar,billi.denton@mail.ru,
ukrsibtanyar,bryce2019@mail.ru,
ukrsibtanyar,shakira.waldon.waldon@mail.ru,
ukrsibtanyar,baehr.antionette@mail.ru,
ukrsibtanyar,corene.kress.81@mail.ru,
ukrsibtanyar,kira.shelor.92@mail.ru,
ukrsibtanyar,tribble_2019@mail.ru,
ukrsibtanyar,tussey1980@mail.ru,
ukrsibtanyar,whitehouse-1983@mail.ru,
ukrsibtanyar,sade.zehner.89@mail.ru,
ukrsibtanyar,bowers_89@mail.ru,
ukrsibtanyar,carolann.jackson.jackson@mail.ru,
ukrsibtanyar,pickens_2019@mail.ru,
ukrsibtanyar,shannan_moore_moore@mail.ru,
ukrsibtanyar,jessie.mcgowan.mcgowan@mail.ru,
ukrsibtanyar,halley.eisele.eisele@mail.ru,
ukrsibtanyar,lane_montes@mail.ru,
ukrsibtanyar,frasure2018@mail.ru,
ukrsibtanyar,lomeli.maximina@mail.ru,
ukrsibtanyar,vestal_1984@mail.ru,
ukrsibtanyar,mirta.dingman.90@mail.ru,
ukrsibtanyar,colene_macdonald_macdonald@mail.ru,
starlight,hartwell.1987@mail.ru,380674608660
starlight,mcculloch-85@mail.ru,
starlight,lizzie.dusek.86@mail.ru,
starlight,swickh@mail.ru,
starlight,washburn-91@mail.ru,
starlight,lavenia_watson_watson@mail.ru,
starlight,helena.mcarthur.84@mail.ru,
starlight,romana.cervantes.cervantes@mail.ru,
starlight,whitby.90@mail.ru,
starlight,dallas_richard@mail.ru,
starlight,caryl.rosner@mail.ru,
starlight,luper1989@mail.ru,
starlight,asley.eggleston.80@mail.ru,
starlight,blodgett.t@mail.ru,
starlight,latia.langford.langford@mail.ru,
starlight,xochitl.ashby@mail.ru,
starlight,braswell_1980@mail.ru,
starlight,thomas.aurelia@mail.ru,
starlight,buchholtz.1988@mail.ru,
starlight,murfft@mail.ru,
starlight,maurice.grover.92@mail.ru,
starlight,sharonda.dominguez.dominguez@mail.ru,
starlight,rita.tenorio.tenorio@mail.ru,
starlight,jess_romero_romero@mail.ru,
starlight,prater.elia@mail.ru,
starlight,sandstrom-1991@mail.ru,
starlight,emilee.stillwell@mail.ru,
starlight,meghan.norris.norris@mail.ru,
starlight,lowell2019@mail.ru,
starlight,shawanda.guyer.guyer@mail.ru,
starlight,minnich.jaime@mail.ru,
starlight,watson.cythia@mail.ru,
starlight,latisha.iglesias.81@mail.ru,
starlight,hearne_2019@mail.ru,
starlight,gale.mcqueary@mail.ru,
starlight,tillie.pieper@mail.ru,
starlight,christy.kugler.83@mail.ru,
starlight,regan.mcqueary.mcqueary@mail.ru,
starlight,e_hickson@mail.ru,
starlight,haslam_2019@mail.ru,
starlight,rueter.cathrine@mail.ru,
starlight,mary.lance.lance@mail.ru,
starlight,vonnie.wilken.wilken@mail.ru,
starlight,chantal.jacobsen.jacobsen@mail.ru,
starlight,l.whitby@mail.ru,
starlight,henriette.fields.fields@mail.ru,
starlight,baumgardner_1989@mail.ru,
starlight,gaffney_2019@mail.ru,
starlight,howton.katherine@mail.ru,
starlight,rhinehart1993@mail.ru,
starlight,sierra.dawkins.85@mail.ru,
starlight,talavera.asha@mail.ru,
starlight,dianne.etzel.etzel@mail.ru,
starlight,olene.shenk@mail.ru,
starlight,insleyj@mail.ru,
starlight,lyla.printz.printz@mail.ru,
starlight,cavallaro_81@mail.ru,
starlight,allison.wilbert.94@mail.ru,
starlight,retta.ransdell@mail.ru,
starlight,rosella.millet.89@mail.ru,
starlight,mildred.keyser.keyser@mail.ru,
starlight,raquel.forrest.94@mail.ru,
starlight,debose.kassandra@mail.ru,
starlight,marx.jardine.89@mail.ru,
starlight,tamera.randle.90@mail.ru,
starlight,kecia.mendonca.mendonca@mail.ru,
starlight,inger.stucky@mail.ru,
starlight,virgie.press.press@mail.ru,
starlight,lashawna.ramirez.83@mail.ru,
starlight,shonda.starns.86@mail.ru,
starlight,bette.caban.86@mail.ru,
starlight,rothstein_1988@mail.ru,
starlight,julianna.ralph.ralph@mail.ru,
starlight,batista.sarina@mail.ru,
starlight,marylyn.hogue@mail.ru,
starlight,durrett84@mail.ru,
starlight,webber.jame@mail.ru,
starlight,quillen.j@mail.ru,
starlight,fitzhugh-1981@mail.ru,
starlight,lora.vento.vento@mail.ru,
starlight,washburn-2019@mail.ru,
starlight,grisel.weston.weston@mail.ru,
starlight,franks.chae@mail.ru,
starlight,harland.sherise@mail.ru,
starlight,terrie.butkovich.86@mail.ru,
starlight,daniel.douglas.2018@mail.ru,
starlight,alford80@mail.ru,
starlight,rorie.85@mail.ru,
starlight,isaacson2019@mail.ru,
starlight,todd.rigsby.rigsby@mail.ru,
starlight,brabham1990@mail.ru,
starlight,ussery_a@mail.ru,
starlight,richert_1982@mail.ru,
starlight,trudy.ivory@mail.ru,
starlight,yolanda.ouellette.84@mail.ru,
starlight,treadway_1988@mail.ru,
starlight,magdaleno81@mail.ru,
starlight,billi.denton@mail.ru,
starlight,bryce2019@mail.ru,
starlight,shakira.waldon.waldon@mail.ru,
starlight,baehr.antionette@mail.ru,
starlight,corene.kress.81@mail.ru,
starlight,kira.shelor.92@mail.ru,
starlight,tribble_2019@mail.ru,
starlight,tussey1980@mail.ru,
starlight,whitehouse-1983@mail.ru,
starlight,sade.zehner.89@mail.ru,
starlight,bowers_89@mail.ru,
starlight,carolann.jackson.jackson@mail.ru,
starlight,pickens_2019@mail.ru,
starlight,shannan_moore_moore@mail.ru,
starlight,jessie.mcgowan.mcgowan@mail.ru,
starlight,halley.eisele.eisele@mail.ru,
starlight,lane_montes@mail.ru,
starlight,frasure2018@mail.ru,
starlight,lomeli.maximina@mail.ru,
starlight,vestal_1984@mail.ru,
starlight,mirta.dingman.90@mail.ru,
starlight,colene_macdonald_macdonald@mail.ru,
moyo,hartwell.1987@mail.ru,380672923551
moyo,mcculloch-85@mail.ru,
moyo,lizzie.dusek.86@mail.ru,
moyo,swickh@mail.ru,
moyo,washburn-91@mail.ru,
moyo,lavenia_watson_watson@mail.ru,
moyo,helena.mcarthur.84@mail.ru,
moyo,romana.cervantes.cervantes@mail.ru,
moyo,whitby.90@mail.ru,
moyo,dallas_richard@mail.ru,
moyo,caryl.rosner@mail.ru,
moyo,luper1989@mail.ru,
moyo,asley.eggleston.80@mail.ru,
moyo,blodgett.t@mail.ru,
moyo,latia.langford.langford@mail.ru,
moyo,xochitl.ashby@mail.ru,
moyo,braswell_1980@mail.ru,
moyo,thomas.aurelia@mail.ru,
moyo,buchholtz.1988@mail.ru,
moyo,murfft@mail.ru,
moyo,maurice.grover.92@mail.ru,
moyo,sharonda.dominguez.dominguez@mail.ru,
moyo,rita.tenorio.tenorio@mail.ru,
moyo,jess_romero_romero@mail.ru,
moyo,prater.elia@mail.ru,
moyo,sandstrom-1991@mail.ru,
moyo,emilee.stillwell@mail.ru,
moyo,meghan.norris.norris@mail.ru,
moyo,lowell2019@mail.ru,
moyo,shawanda.guyer.guyer@mail.ru,
moyo,minnich.jaime@mail.ru,
moyo,watson.cythia@mail.ru,
moyo,latisha.iglesias.81@mail.ru,
moyo,hearne_2019@mail.ru,
moyo,gale.mcqueary@mail.ru,
moyo,tillie.pieper@mail.ru,
moyo,christy.kugler.83@mail.ru,
moyo,regan.mcqueary.mcqueary@mail.ru,
moyo,e_hickson@mail.ru,
moyo,haslam_2019@mail.ru,
moyo,rueter.cathrine@mail.ru,
moyo,mary.lance.lance@mail.ru,
moyo,vonnie.wilken.wilken@mail.ru,
moyo,chantal.jacobsen.jacobsen@mail.ru,
moyo,l.whitby@mail.ru,
moyo,henriette.fields.fields@mail.ru,
moyo,baumgardner_1989@mail.ru,
moyo,gaffney_2019@mail.ru,
moyo,howton.katherine@mail.ru,
moyo,rhinehart1993@mail.ru,
moyo,sierra.dawkins.85@mail.ru,
moyo,talavera.asha@mail.ru,
moyo,dianne.etzel.etzel@mail.ru,
moyo,olene.shenk@mail.ru,
moyo,insleyj@mail.ru,
moyo,lyla.printz.printz@mail.ru,
moyo,cavallaro_81@mail.ru,
moyo,allison.wilbert.94@mail.ru,
moyo,retta.ransdell@mail.ru,
moyo,rosella.millet.89@mail.ru,
moyo,mildred.keyser.keyser@mail.ru,
moyo,raquel.forrest.94@mail.ru,
moyo,debose.kassandra@mail.ru,
moyo,marx.jardine.89@mail.ru,
moyo,tamera.randle.90@mail.ru,
moyo,kecia.mendonca.mendonca@mail.ru,
moyo,inger.stucky@mail.ru,
moyo,virgie.press.press@mail.ru,
moyo,lashawna.ramirez.83@mail.ru,
moyo,shonda.starns.86@mail.ru,
moyo,bette.caban.86@mail.ru,
moyo,rothstein_1988@mail.ru,
moyo,julianna.ralph.ralph@mail.ru,
moyo,batista.sarina@mail.ru,
moyo,marylyn.hogue@mail.ru,
moyo,durrett84@mail.ru,
moyo,webber.jame@mail.ru,
moyo,quillen.j@mail.ru,
moyo,fitzhugh-1981@mail.ru,
moyo,lora.vento.vento@mail.ru,
moyo,washburn-2019@mail.ru,
moyo,grisel.weston.weston@mail.ru,
moyo,franks.chae@mail.ru,
moyo,harland.sherise@mail.ru,
moyo,terrie.butkovich.86@mail.ru,
moyo,daniel.douglas.2018@mail.ru,
moyo,alford80@mail.ru,
moyo,rorie.85@mail.ru,
moyo,isaacson2019@mail.ru,
moyo,todd.rigsby.rigsby@mail.ru,
moyo,brabham1990@mail.ru,
moyo,ussery_a@mail.ru,
moyo,richert_1982@mail.ru,
moyo,trudy.ivory@mail.ru,
moyo,yolanda.ouellette.84@mail.ru,
moyo,treadway_1988@mail.ru,
moyo,magdaleno81@mail.ru,
moyo,billi.denton@mail.ru,
moyo,bryce2019@mail.ru,
moyo,shakira.waldon.waldon@mail.ru,
moyo,baehr.antionette@mail.ru,
moyo,corene.kress.81@mail.ru,
moyo,kira.shelor.92@mail.ru,
moyo,tribble_2019@mail.ru,
moyo,tussey1980@mail.ru,
moyo,whitehouse-1983@mail.ru,
moyo,sade.zehner.89@mail.ru,
moyo,bowers_89@mail.ru,
moyo,carolann.jackson.jackson@mail.ru,
moyo,pickens_2019@mail.ru,
moyo,shannan_moore_moore@mail.ru,
moyo,jessie.mcgowan.mcgowan@mail.ru,
moyo,halley.eisele.eisele@mail.ru,
moyo,lane_montes@mail.ru,
moyo,frasure2018@mail.ru,
moyo,lomeli.maximina@mail.ru,
moyo,vestal_1984@mail.ru,
moyo,mirta.dingman.90@mail.ru,
moyo,colene_macdonald_macdonald@mail.ru,
artforma,hartwell.1987@mail.ru,380503072358
artforma,mcculloch-85@mail.ru,
artforma,lizzie.dusek.86@mail.ru,
artforma,swickh@mail.ru,
artforma,washburn-91@mail.ru,
artforma,lavenia_watson_watson@mail.ru,
artforma,helena.mcarthur.84@mail.ru,
artforma,romana.cervantes.cervantes@mail.ru,
artforma,whitby.90@mail.ru,
artforma,dallas_richard@mail.ru,
artforma,caryl.rosner@mail.ru,
artforma,luper1989@mail.ru,
artforma,asley.eggleston.80@mail.ru,
artforma,blodgett.t@mail.ru,
artforma,latia.langford.langford@mail.ru,
artforma,xochitl.ashby@mail.ru,
artforma,braswell_1980@mail.ru,
artforma,thomas.aurelia@mail.ru,
artforma,buchholtz.1988@mail.ru,
artforma,murfft@mail.ru,
artforma,maurice.grover.92@mail.ru,
artforma,sharonda.dominguez.dominguez@mail.ru,
artforma,rita.tenorio.tenorio@mail.ru,
artforma,jess_romero_romero@mail.ru,
artforma,prater.elia@mail.ru,
artforma,sandstrom-1991@mail.ru,
artforma,emilee.stillwell@mail.ru,
artforma,meghan.norris.norris@mail.ru,
artforma,lowell2019@mail.ru,
artforma,shawanda.guyer.guyer@mail.ru,
artforma,minnich.jaime@mail.ru,
artforma,watson.cythia@mail.ru,
artforma,latisha.iglesias.81@mail.ru,
artforma,hearne_2019@mail.ru,
artforma,gale.mcqueary@mail.ru,
artforma,tillie.pieper@mail.ru,
artforma,christy.kugler.83@mail.ru,
artforma,regan.mcqueary.mcqueary@mail.ru,
artforma,e_hickson@mail.ru,
artforma,haslam_2019@mail.ru,
artforma,rueter.cathrine@mail.ru,
artforma,mary.lance.lance@mail.ru,
artforma,vonnie.wilken.wilken@mail.ru,
artforma,chantal.jacobsen.jacobsen@mail.ru,
artforma,l.whitby@mail.ru,
artforma,henriette.fields.fields@mail.ru,
artforma,baumgardner_1989@mail.ru,
artforma,gaffney_2019@mail.ru,
artforma,howton.katherine@mail.ru,
artforma,rhinehart1993@mail.ru,
artforma,sierra.dawkins.85@mail.ru,
artforma,talavera.asha@mail.ru,
artforma,dianne.etzel.etzel@mail.ru,
artforma,olene.shenk@mail.ru,
artforma,insleyj@mail.ru,
artforma,lyla.printz.printz@mail.ru,
artforma,cavallaro_81@mail.ru,
artforma,allison.wilbert.94@mail.ru,
artforma,retta.ransdell@mail.ru,
artforma,rosella.millet.89@mail.ru,
artforma,mildred.keyser.keyser@mail.ru,
artforma,raquel.forrest.94@mail.ru,
artforma,debose.kassandra@mail.ru,
artforma,marx.jardine.89@mail.ru,
artforma,tamera.randle.90@mail.ru,
artforma,kecia.mendonca.mendonca@mail.ru,
artforma,inger.stucky@mail.ru,
artforma,virgie.press.press@mail.ru,
artforma,lashawna.ramirez.83@mail.ru,
artforma,shonda.starns.86@mail.ru,
artforma,bette.caban.86@mail.ru,
artforma,rothstein_1988@mail.ru,
artforma,julianna.ralph.ralph@mail.ru,
artforma,batista.sarina@mail.ru,
artforma,marylyn.hogue@mail.ru,
artforma,durrett84@mail.ru,
artforma,webber.jame@mail.ru,
artforma,quillen.j@mail.ru,
artforma,fitzhugh-1981@mail.ru,
artforma,lora.vento.vento@mail.ru,
artforma,washburn-2019@mail.ru,
artforma,grisel.weston.weston@mail.ru,
artforma,franks.chae@mail.ru,
artforma,harland.sherise@mail.ru,
artforma,terrie.butkovich.86@mail.ru,
artforma,daniel.douglas.2018@mail.ru,
artforma,alford80@mail.ru,
artforma,rorie.85@mail.ru,
artforma,isaacson2019@mail.ru,
artforma,todd.rigsby.rigsby@mail.ru,
artforma,brabham1990@mail.ru,
artforma,ussery_a@mail.ru,
artforma,richert_1982@mail.ru,
artforma,trudy.ivory@mail.ru,
artforma,yolanda.ouellette.84@mail.ru,
artforma,treadway_1988@mail.ru,
artforma,magdaleno81@mail.ru,
artforma,billi.denton@mail.ru,
artforma,bryce2019@mail.ru,
artforma,shakira.waldon.waldon@mail.ru,
artforma,baehr.antionette@mail.ru,
artforma,corene.kress.81@mail.ru,
artforma,kira.shelor.92@mail.ru,
artforma,tribble_2019@mail.ru,
artforma,tussey1980@mail.ru,
artforma,whitehouse-1983@mail.ru,
artforma,sade.zehner.89@mail.ru,
artforma,bowers_89@mail.ru,
artforma,carolann.jackson.jackson@mail.ru,
artforma,pickens_2019@mail.ru,
artforma,shannan_moore_moore@mail.ru,
artforma,jessie.mcgowan.mcgowan@mail.ru,
artforma,halley.eisele.eisele@mail.ru,
artforma,lane_montes@mail.ru,
artforma,frasure2018@mail.ru,
artforma,lomeli.maximina@mail.ru,
artforma,vestal_1984@mail.ru,
artforma,mirta.dingman.90@mail.ru,
artforma,colene_macdonald_macdonald@mail.ru,
artforma,rhoda.williamson.williamson@mail.ru,